{
  "rooms": {
    "TOPA1": {
      "exit": [-195.5, 30, -173.5],
      "corpses": [
        [-130.5, 26, -191.5],
        [-122.5, 7, -170.5],
        [-190.5, 5, -177.5],
        [-195.5, 21, -158.5],
        [-160, 5, -156]
      ]
    },
    "SAPP1": {
      "exit": [-180.5, 30, -172.5],
      "corpses": [
        [-143.5, 19, -159.5],
        [-154.5, 3, -171.5],
        [-125.5, 2, -175.5],
        [-188.5, 4, -163.5],
        [-155.5, 7, -197.5]
      ]
    },
    "AMET1": {
      "exit": [-194.5, 30, -163.5],
      "corpses": [
        [-184.5, 9, -178.5],
        [-158.5, 20, -164.5],
        [-140.5, 17, -181.5],
        [-112.5, 16, -172.5],
        [-177.5, 3, -162.5]
      ]
    },
    "AMBE1": {
      "exit": [-195.5, 25, -176.5],
      "corpses": [
        [-172.5, 17, -185.5],
        [-113.5, 17, -169.5],
        [-115.5, 9, -166.5],
        [-191.5, 27, -160.5],
        [-122.5, 23, -159.5]
      ]
    },
    "JADE1": {
      "exit": [-195.5, 30, -191.5],
      "corpses": [
        [-154.5, 12, -173.5],
        [-143.5, 12, -185.5],
        [-106.5, 17, -180.5],
        [-151.5, 27, -174.5],
        [-136.5, 20, -191.5]
      ]
    },
    "TITA1": {
      "exit": [-119.5, 28, -181.5],
      "corpses": [
        [-142.5, 12, -157.5],
        [-159.5, 7, -174.5],
        [-149.5, 19, -178.5],
        [-169.5, 24, -190.5],
        [-185.5, 10, -182.5]
      ]
    },
    "UMBE1": {
      "exit": [-181.5, 28, -195.5],
      "corpses": [
        [-163.5, 22, -180.5], 
        [-125.5, 20, -190.5], 
        [-140.5, 7, -188.5],
        [-140.5, 26, -163.5],
        [-174.5, 3, -183.5]
      ]
    },
    "TUNG1": {
      "exit": [-144.5, 25, -193.5],
      "corpses": [
        [-176.5, 10, -169.5],
        [-185.5, 1, -195.5],
        [-126.5, 7, -169.5],
        [-113.5, 19, -165.5],
        [-112.5, 14, -186.5]
      ]
    },
    "FAIR1": {
      "exit": [-192.5, 26, -174.5],
      "corpses": [
        [-138.5, 3, -170.5]
      ]
    },
    "RUBY1": {
      "exit": [-127.5, 30, -170.5],
      "corpses": [
        [-135.5, 8, -155.5],
        [-165.5, 8, -153.5],
        [-160.5, 19, -161.5],
        [-186.5, 4, -179.5],
        [-172.6, 3, -173.5]
      ]
    },
    "ONYX1": {
      "exit": [-157.5, 30, -178.5],
      "corpses": [
        [-130.5, 23, -171.5],
        [-196.5, 14, -194.5],
        [-175.5, 4, -177.5],
        [-117.5, 2, -192.5],
        [-161.5, 5, -156.5]
      ]
    },
    "AQUA1": {
      "exit": [-195.5, 30, -184.5],
      "corpses": [
        [-110.5, 12, -165.5],
        [-153.5, 20, -173.5],
        [-127.5, 3, -181.5],
        [-148.5, 3, -187.5],
        [-193.5, 8, -188.5]
      ]
    },
    "CITR1": {
      "exit": [-117.5, 22, -171.5],
      "corpses": [
        [-145.5, 13, -184.5],
        [-171.5, 21, -196.5],
        [-158.5, 22, -186.5],
        [-143.5, 21, -192.5],
        [-121.5, 4, -187.5]
      ]
    },
    "PERI1": {
      "exit": [-179.5, 30, -165.5],
      "corpses": [
        [-130.5, 15, -165.5], 
        [-168.5, 19, -182.5], 
        [-136.5, 14, -185.5], 
        [-149.5, 18, -160.5],
        [-187.5, 7, -172.5],
        [-155, 14, -156]
      ]
    },
    "JASP1": {
      "exit": [-193.5, 28, -182.5],
      "corpses": [
        [-107.5, 4, -161.5],
        [-108.5, 21, -153.5],
        [-106.5, 7, -185.5],
        [-176.5, 1, -171.5],
        [-152.5, 21, -188.5]
      ]
    },
    "OPAL1": {
      "exit": [-106.5, 30, -195.5],
      "corpses": [
        [-135.5, 2, -166.6],
        [-127.5, 8, -187.5],
        [-185.5, 4, -174.5],
        [-192.5, 7, -160.5],
        [-116.5, 11, -154.5]
      ]
    },
    "Crystal": {
      "exit": [-195.5, 30, -177.5],
      "corpses": [
        [-180.5, 14, -188.5],
        [-161.6, 10, -154.5],
        [-108.5, 8, -158.5]
      ]
    }
  },
  "names": {
    "TOPA": "&eTopaz",
    "SAPP": "&bSapphire",
    "AMET": "&5Amethyst",
    "AMBE": "&6Amber",
    "JADE": "&aJade",
    "TITA": "&7Titanium",
    "UMBE": "&6&lUmber",
    "TUNG": "&7&lTungsten",
    "FAIR": "&3&l&o&nVANGUARD",
    "RUBY": "&c&l&oRuby",
    "ONYX": "&0&l&oOnyx",
    "AQUA": "&9&l&oAquamarine",
    "CITR": "&4&l&oCitrine",
    "PERI": "&2&l&oPeridot",
    "JASP": "&d&l&oJasper",
    "OPAL": "&f&l&oOpal"
  }
}