{
    "dark": {
        "backgroundColor": [15, 15, 15],
        "windowColor": -15132391,
        "tiles": {
            "hidden":-13158601,
            "found": -14671840,
            "death": -1693661
        },
        "buttons": {
            "play": {
                "accentColor": -4276546,
                "color": -14474461,
                "colorCode": "§7",
                "hoverCode": "§0"
            },
            "options": {
                "accentColor": -12632257,
                "color": -14474461,
                "colorCode": "§8",
                "hoverCode": "§0"
            },
            "close": {
                "accentColor": -1693661,
                "color": -14474461,
                "colorCode": "§c",
                "hoverCode": "§0"
            },
            "quit": {
                "accentColor": -1693661,
                "color": -14474461,
                "colorCode": "§c",
                "hoverCode": "§0"
            },
            "again": {
                "accentColor": -12583361,
                "color": -14474461,
                "colorCode": "§a",
                "hoverCode": "§0"
            },
            "easy": {
                "accentColor": -12583361,
                "color": -14474461,
                "colorCode": "§a",
                "hoverCode": "§0"
            },
            "intermediate": {
                "accentColor": -65985,
                "color": -14474461,
                "colorCode": "§e",
                "hoverCode": "§0"
            },
            "expert": {
                "accentColor": -1693661,
                "color": -14474461,
                "colorCode": "§c",
                "hoverCode": "§0"
            },
            "return": {
                "accentColor": -4276546,
                "color": -14474461,
                "colorCode": "§7",
                "hoverCode": "§0"
            }
        },
        "slider": {
            "color": -11842741,
            "fillColor": -14457123,
            "indicatorColor": -14457123
        }
    },
    "light": {
        "backgroundColor": [180, 180, 180],
        "windowColor": -2302756,
        "tiles": {
            "hidden": -986896,
            "found": -2960686,
            "death": -1693661
        },
        "buttons": {
            "play": {
                "accentColor": -12632257,
                "color": -2302756,
                "colorCode": "§8",
                "hoverCode": "§f"
            },
            "options": {
                "accentColor": -4276546,
                "color": -2302756,
                "colorCode": "§7",
                "hoverCode": "§f"
            },
            "close": {
                "accentColor": -1693661,
                "color": -2302756,
                "colorCode": "§c",
                "hoverCode": "§f"
            },
            "quit": {
                "accentColor": -1693661,
                "color": -2302756,
                "colorCode": "§c",
                "hoverCode": "§f"
            },
            "again": {
                "accentColor": -16728576,
                "color": -2302756,
                "colorCode": "§2",
                "hoverCode": "§f"
            },
            "easy": {
                "accentColor": -16728576,
                "color": -2302756,
                "colorCode": "§2",
                "hoverCode": "§f"
            },
            "intermediate": {
                "accentColor": -606720,
                "color": -2302756,
                "colorCode": "§6",
                "hoverCode": "§f"
            },
            "expert": {
                "accentColor": -1693661,
                "color": -2302756,
                "colorCode": "§c",
                "hoverCode": "§f"
            },
            "return": {
                "accentColor": -12632257,
                "color": -2302756,
                "colorCode": "§8",
                "hoverCode": "§f"
            }
        },
        "slider": {
            "color": -4934476,
            "fillColor": -14457123,
            "indicatorColor": -14457123
        }
    }
}