[{"type":"peridot","coords":[87,122,391]},{"type":"onyx","coords":[77,118,411]},{"type":"peridot","coords":[-73,122,458]},{"type":"onyx","coords":[-69,130,407]},{"type":"onyx","coords":[-9,132,388]},{"type":"peridot","coords":[-62,147,302]},{"type":"citrine","coords":[-94,144,261]},{"type":"aquamarine","coords":[82,150,324]},{"type":"citrine","coords":[-58,144,420]},{"type":"aquamarine","coords":[-2,139,437]},{"type":"onyx","coords":[17,136,367]},{"type":"onyx","coords":[13,137,409]},{"type":"peridot","coords":[-77,120,281]},{"type":"aquamarine","coords":[22,140,412]}]