{
    "Button": {
        "background": {
            "color": [0, 0, 0, 80],
            "outlineColor": [255, 255, 255, 255],
            "outlineSize": 0,
            "roundness": 3
        },
        "text": {
            "color": [255, 255, 255, 255],
            "scale": 1
        },
        "mouseClickAnimation": {
            "color": [255, 255, 255, 80],
            "type": "OUT_EXP",
            "time": 0.2
        }
    },
    "Button1": {
        "background": {
            "color": [0, 0, 0, 0],
            "outlineColor": [255, 255, 255, 255],
            "outlineSize": 0,
            "roundness": 5
        },
        "lines": {
            "color": [0, 0, 0, 80],
            "roundness": 3
        },
        "text": {
            "color": [255, 255, 255, 255],
            "scale": 1,
            "format": "",
            "centered": false
        },
        "mouseClickAnimation": {
            "color": [255, 255, 255, 80],
            "type": "OUT_EXP",
            "time": 0.2
        },
        "mouseEnterAnimation": {
            "color": [0, 0, 0, 80],
            "type": "OUT_EXP",
            "time": 0.5
        },
        "mouseLeaveAnimation": {
            "color": [0, 0, 0, 0],
            "type": "OUT_EXP",
            "time": 0.5
        }
    },
    "TextInput": {
        "background": {
            "color": [0, 0, 0, 80],
            "outlineColor": [255, 255, 255, 255],
            "outlineSize": 0,
            "roundness": 3
        },
        "text": {
            "color": [255, 255, 255, 255],
            "scale": 1,
            "padding": 3
        },
        "mouseEnterAnimation": {
            "color": [0, 0, 0, 80],
            "type": "OUT_EXP",
            "time": 0.5
        },
        "mouseLeaveAnimation": {
            "color": [255, 255, 255, 255],
            "type": "OUT_EXP",
            "time": 0.5
        }
    },
    "Checkbox": {
        "background": {
            "enabledColor": [255, 255, 255, 80],
            "disabledColor": [0, 0, 0, 80],
            "outlineColor": [255, 255, 255, 255],
            "outlineSize": 0,
            "roundness": 3
        },
        "check": {
            "enabled": "§l✓",
            "disabled": ""
        },
        "mouseClickAnimation": {
            "type": "OUT_EXP",
            "time": 0.5
        }
    },
    "Switch": {
        "background": {
            "enabledColor": [255, 255, 255, 80],
            "disabledColor": [0, 0, 0, 80],
            "outlineColor": [255, 255, 255, 255],
            "outlineSize": 0,
            "roundness": 3
        },
        "switchbox": {
            "enabledColor": [0, 0, 0, 80],
            "disabledColor": [0, 0, 0, 80],
            "outlineColor": [255, 255, 255, 255],
            "outlineSize": 0,
            "roundness": 3
        },
        "mouseClickAnimation": {
            "type": "OUT_EXP",
            "time": 0.5
        }
    },
    "Slider": {
        "background": {
            "color": [0, 0, 0, 0],
            "outlineColor": [255, 255, 255, 255],
            "outlineSize": 0,
            "roundness": 3
        },
        "bar": {
            "color": [0, 0, 0, 80],
            "outlineColor": [255, 255, 255, 255],
            "outlineSize": 0,
            "roundness": 3
        },
        "completionbar": {
            "color": [140, 140, 140, 80],
            "outlineColor": [255, 255, 255, 255],
            "outlineSize": 0,
            "roundness": 3
        },
        "sliderbox": {
            "color": [140, 140, 140, 80],
            "outlineColor": [255, 255, 255, 255],
            "outlineSize": 0,
            "roundness": 3
        },
        "text": {
            "color": [255, 255, 255, 255],
            "scale": 1
        },
        "mouseEnterAnimation": {
            "color": [0, 0, 0, 80],
            "type": "OUT_EXP",
            "time": 0.5
        },
        "mouseLeaveAnimation": {
            "color": [140, 140, 140, 80],
            "type": "OUT_EXP",
            "time": 0.5
        }
    },
    "Selection": {
        "background": {
            "color": [0, 0, 0, 80],
            "outlineColor": [255, 255, 255, 255],
            "outlineSize": 0,
            "roundness": 3
        },
        "text": {
            "color": [255, 255, 255, 255],
            "scale": 1,
            "leftArrow": "<",
            "rightArrow": ">"
        },
        "mouseEnterAnimation": {
            "color": [0, 0, 0, 80],
            "type": "OUT_EXP",
            "time": 0.5
        },
        "mouseLeaveAnimation": {
            "color": [255, 255, 255, 255],
            "type": "OUT_EXP",
            "time": 0.5
        }
    },
    "ColorPicker": {
        "background": {
            "color": [0, 0, 0, 0],
            "outlineColor": [255, 255, 255, 255],
            "outlineSize": 0,
            "roundness": 3
        },
        "text": {
            "color": [255, 255, 255, 255],
            "scale": 2,
            "openArrow": "§l↓",
            "closeArrow": "§l↑"
        },
        "colorpickerbackground": {
            "color": [0, 0, 0, 80],
            "outlineColor": [255, 255, 255, 255],
            "outlineSize": 0,
            "roundness": 3
        },
        "gradientbackground": {
            "color": [0, 0, 0, 0],
            "outlineColor": [255, 255, 255, 255],
            "outlineSize": 0,
            "roundness": 3
        },
        "gradientpointer": {
            "outlineColor": [255, 255, 255, 255],
            "outlineSize": 0.5
        },
        "huebackground": {
            "color": [0, 0, 0, 0],
            "outlineColor": [255, 255, 255, 255],
            "outlineSize": 0,
            "roundness": 3
        },
        "huepointer": {
            "outlineColor": [255, 255, 255, 255],
            "outlineSize": 0.5
        },
        "heightAnimationIn": {
            "type": "IN_SIN",
            "time": 0.5
        },
        "heightAnimationOut": {
            "type": "OUT_SIN",
            "time": 0.5
        },
        "TextInput": {
            "background": {
                "color": [0, 0, 0, 80],
                "outlineColor": [255, 255, 255, 255],
                "outlineSize": 0,
                "roundness": 3
            },
            "text": {
                "color": [255, 255, 255, 255],
                "scale": 1,
                "padding": 5
            },
            "mouseEnterAnimation": {
                "color": [0, 0, 0, 80],
                "type": "OUT_EXP",
                "time": 0.5
            },
            "mouseLeaveAnimation": {
                "color": [255, 255, 255, 255],
                "type": "OUT_EXP",
                "time": 0.5
            }
        },
        "Slider": {
            "background": {
                "color": [0, 0, 0, 0],
                "outlineColor": [255, 255, 255, 255],
                "outlineSize": 0,
                "roundness": 3
            },
            "bar": {
                "color": [0, 0, 0, 80],
                "outlineColor": [255, 255, 255, 255],
                "outlineSize": 0,
                "roundness": 3
            },
            "completionbar": {
                "color": [140, 140, 140, 80],
                "outlineColor": [255, 255, 255, 255],
                "outlineSize": 0,
                "roundness": 3
            },
            "sliderbox": {
                "color": [140, 140, 140, 80],
                "outlineColor": [255, 255, 255, 255],
                "outlineSize": 0,
                "roundness": 3
            },
            "text": {
                "color": [255, 255, 255, 255],
                "scale": 1
            },
            "mouseEnterAnimation": {
                "color": [0, 0, 0, 80],
                "type": "OUT_EXP",
                "time": 0.5
            },
            "mouseLeaveAnimation": {
                "color": [140, 140, 140, 80],
                "type": "OUT_EXP",
                "time": 0.5
            }
        }
    },
    "Text": {
        "text": {
            "color": [255, 255, 255, 255],
            "scale": 1
        }
    },
    "Divider": {
        "background": {
            "color": [0, 0, 0, 80],
            "outlineColor": [255, 255, 255, 255],
            "outlineSize": 0,
            "roundness": 3
        },
        "line": {
            "color": [255, 255, 255, 80],
            "outlineColor": [255, 255, 255, 255],
            "outlineSize": 0,
            "roundness": 3
        },
        "text": {
            "color": [255, 255, 255, 255],
            "scale": 1
        }
    },
    "DropDown": {
        "background": {
            "color": [0, 0, 0, 0],
            "outlineColor": [255, 255, 255, 255],
            "outlineSize": 0,
            "roundness": 5
        },
        "selectionbackground": {
            "color": [0, 0, 0, 80],
            "outlineColor": [255, 255, 255, 255],
            "outlineSize": 0,
            "roundness": 5
        },
        "selectiontext": {
            "color": [255, 255, 255, 255],
            "scale": 1
        },
        "text": {
            "color": [255, 255, 255, 255],
            "scale": 2,
            "openArrow": "§l↓",
            "closeArrow": "§l↑"
        },
        "dropdownbackground": {
            "color": [0, 0, 0, 80],
            "outlineColor": [255, 255, 255, 255],
            "outlineSize": 0,
            "roundness": 5
        },
        "optionsbackground": {
            "color": [0, 0, 0, 80],
            "outlineColor": [255, 255, 255, 255],
            "outlineSize": 0,
            "roundness": 5
        },
        "optionstext": {
            "color": [255, 255, 255, 255],
            "scale": 1
        }
    },
    "MultiCheckBox": {
        "background": {
            "color": [0, 0, 0, 0],
            "outlineColor": [255, 255, 255, 255],
            "outlineSize": 0,
            "roundness": 5
        },
        "selectionbackground": {
            "color": [0, 0, 0, 80],
            "outlineColor": [255, 255, 255, 255],
            "outlineSize": 0,
            "roundness": 5
        },
        "selectiontext": {
            "color": [255, 255, 255, 255],
            "scale": 1
        },
        "text": {
            "color": [255, 255, 255, 255],
            "scale": 2,
            "openArrow": "§l↓",
            "closeArrow": "§l↑"
        },
        "dropdownbackground": {
            "color": [0, 0, 0, 80],
            "outlineColor": [255, 255, 255, 255],
            "outlineSize": 0,
            "roundness": 5
        },
        "optionsbackground": {
            "color": [0, 0, 0, 80],
            "outlineColor": [255, 255, 255, 255],
            "outlineSize": 0,
            "roundness": 5
        },
        "optionstext": {
            "color": [255, 255, 255, 255],
            "scale": 1
        },
        "placeholderbackground": {
            "color": [0, 0, 0, 80],
            "outlineColor": [255, 255, 255, 255],
            "outlineSize": 0,
            "roundness": 5
        },
        "placeholdertext": {
            "color": [255, 255, 255, 255],
            "scale": 1
        },
        "Checkbox": {
            "background": {
                "enabledColor": [255, 255, 255, 80],
                "disabledColor": [0, 0, 0, 80],
                "outlineColor": [255, 255, 255, 255],
                "outlineSize": 0,
                "roundness": 3
            },
            "check": {
                "enabled": "§l✓",
                "disabled": ""
            },
            "mouseClickAnimation": {
                "type": "OUT_EXP",
                "time": 0.5
            }
        }
    },
    "Keybind": {
        "background": {
            "color": [0, 0, 0, 80],
            "outlineColor": [255, 255, 255, 255],
            "outlineSize": 0,
            "roundness": 3
        },
        "text": {
            "color": [255, 255, 255, 255],
            "scale": 1,
            "enabled": "§l****"
        }
    }
}